{
  "lang":"en",
  "name":"pipeline",
  "version":"0.0.0",
  "spacy_version":">=3.8.7,<3.9.0",
  "description":"",
  "author":"",
  "email":"",
  "url":"",
  "license":"",
  "spacy_git_version":"4b65aa7",
  "vectors":{
    "width":0,
    "vectors":0,
    "keys":0,
    "name":null,
    "mode":"default"
  },
  "labels":{
    "tok2vec":[

    ],
    "ner":[
      "AGE",
      "GENDER",
      "LONGEVITY",
      "PERSONALITY",
      "PREFERRED_ACCORD",
      "PRICE",
      "SILLAGE",
      "USAGE_SITUATION"
    ]
  },
  "pipeline":[
    "tok2vec",
    "ner"
  ],
  "components":[
    "tok2vec",
    "ner"
  ],
  "disabled":[

  ],
  "performance":{
    "ents_f":0.9128908716,
    "ents_p":0.9249701611,
    "ents_r":0.9011230048,
    "ents_per_type":{
      "AGE":{
        "p":0.9977935298,
        "r":0.9999038636,
        "f":0.9988475821
      },
      "GENDER":{
        "p":0.9735387046,
        "r":0.9579149687,
        "f":0.9656636456
      },
      "PERSONALITY":{
        "p":0.962745047,
        "r":0.9444153589,
        "f":0.9534921198
      },
      "PREFERRED_ACCORD":{
        "p":0.8404892966,
        "r":0.7457211387,
        "f":0.7902742554
      },
      "USAGE_SITUATION":{
        "p":0.8814855554,
        "r":0.8739583119,
        "f":0.8777057954
      },
      "LONGEVITY":{
        "p":0.8701225081,
        "r":0.9089184477,
        "f":0.8890974621
      },
      "SILLAGE":{
        "p":0.8954719693,
        "r":0.8269156315,
        "f":0.8598294236
      },
      "PRICE":{
        "p":0.9817539432,
        "r":0.9618375345,
        "f":0.9716936949
      }
    },
    "tok2vec_loss":483.8713840866,
    "ner_loss":4202.5366210938
  }
}