{
  "lang":"en",
  "name":"pipeline",
  "version":"0.0.0",
  "spacy_version":">=3.8.7,<3.9.0",
  "description":"",
  "author":"",
  "email":"",
  "url":"",
  "license":"",
  "spacy_git_version":"4b65aa7",
  "vectors":{
    "width":0,
    "vectors":0,
    "keys":0,
    "name":null,
    "mode":"default"
  },
  "labels":{
    "tok2vec":[

    ],
    "ner":[
      "AGE",
      "GENDER",
      "LONGEVITY",
      "PERSONALITY",
      "PREFERRED_ACCORD",
      "PRICE",
      "SILLAGE",
      "USAGE_SITUATION"
    ]
  },
  "pipeline":[
    "tok2vec",
    "ner"
  ],
  "components":[
    "tok2vec",
    "ner"
  ],
  "disabled":[

  ],
  "performance":{
    "ents_f":0.8746095948,
    "ents_p":0.8904330884,
    "ents_r":0.8593386664,
    "ents_per_type":{
      "AGE":{
        "p":0.9995606656,
        "r":0.9963577326,
        "f":0.9979566292
      },
      "GENDER":{
        "p":0.9860500996,
        "r":0.9665297892,
        "f":0.9761923703
      },
      "PERSONALITY":{
        "p":0.9415324106,
        "r":0.9541134389,
        "f":0.9477811758
      },
      "PREFERRED_ACCORD":{
        "p":0.7814605496,
        "r":0.7646076614,
        "f":0.7729422532
      },
      "USAGE_SITUATION":{
        "p":0.9064674209,
        "r":0.924895574,
        "f":0.9155887805
      },
      "LONGEVITY":{
        "p":0.8918871749,
        "r":0.7284589574,
        "f":0.8019313758
      },
      "SILLAGE":{
        "p":0.6788812158,
        "r":0.628550885,
        "f":0.6527473032
      },
      "PRICE":{
        "p":0.9237873564,
        "r":0.9175743339,
        "f":0.9206703633
      }
    },
    "tok2vec_loss":462.1622527189,
    "ner_loss":4088.6455078125
  }
}