{
  "lang":"en",
  "name":"pipeline",
  "version":"0.0.0",
  "spacy_version":">=3.8.7,<3.9.0",
  "description":"",
  "author":"",
  "email":"",
  "url":"",
  "license":"",
  "spacy_git_version":"4b65aa7",
  "vectors":{
    "width":0,
    "vectors":0,
    "keys":0,
    "name":null,
    "mode":"default"
  },
  "labels":{
    "tok2vec":[

    ],
    "ner":[
      "AGE",
      "GENDER",
      "LONGEVITY",
      "PERSONALITY",
      "PREFERRED_ACCORD",
      "PRICE",
      "SILLAGE",
      "USAGE_SITUATION"
    ]
  },
  "pipeline":[
    "tok2vec",
    "ner"
  ],
  "components":[
    "tok2vec",
    "ner"
  ],
  "disabled":[

  ],
  "performance":{
    "ents_f":0.9146232618,
    "ents_p":0.9135485352,
    "ents_r":0.9157005199,
    "ents_per_type":{
      "AGE":{
        "p":0.9946465905,
        "r":0.9963298289,
        "f":0.9954874982
      },
      "GENDER":{
        "p":0.9567494416,
        "r":0.9165147187,
        "f":0.9361999914
      },
      "PERSONALITY":{
        "p":0.9703879809,
        "r":0.9962939297,
        "f":0.9831703334
      },
      "PREFERRED_ACCORD":{
        "p":0.8786661566,
        "r":0.7419431254,
        "f":0.8045373079
      },
      "USAGE_SITUATION":{
        "p":0.884872479,
        "r":0.9656352726,
        "f":0.9234914869
      },
      "LONGEVITY":{
        "p":0.840716574,
        "r":0.930571267,
        "f":0.8833648257
      },
      "PRICE":{
        "p":0.8861856636,
        "r":0.9732083793,
        "f":0.9276606179
      },
      "SILLAGE":{
        "p":0.9065919434,
        "r":0.820244653,
        "f":0.8612594794
      }
    },
    "tok2vec_loss":347.6032681447,
    "ner_loss":3337.6811523438
  }
}